{
  "name": "angular-bootstrap-contextmenu",
  "version": "0.9.1",
  "main": [
    "contextMenu.js"
  ],
  "homepage": "https://github.com/Templarian/ui.bootstrap.contextMenu",
  "authors": [
    {
      "name": "Austin Andrews",
      "homepage": "http://templarian.com"
    }
  ],
  "license": [
    "MIT"
  ],
  "ignore": [
    "*.md",
    "*.json",
    "*.html"
  ],
  "keywords": [
    "angular",
    "angularjs",
    "bootstrap",
    "context",
    "menu",
    "contextmenu"
  ],
  "_release": "0.9.1",
  "_resolution": {
    "type": "version",
    "tag": "v0.9.1",
    "commit": "f58f7ed3e1024ed8a07ba0b4762d8f622094a741"
  },
  "_source": "git://github.com/Templarian/ui.bootstrap.contextMenu.git",
  "_target": "~0.9.1",
  "_originalSource": "angular-bootstrap-contextmenu",
  "_direct": true
}